{"greeting": {"count": 33, "score": 29.5997}, "what": {"count": 34, "score": 27.39570000000001}, "goodbye": {"count": 52, "score": 46.2758}, "USCIS": {"count": 12, "score": 11.650999999999998}, "DACA_DETAIL": {"count": 26, "score": 23.771000000000008}, "DACA": {"count": 12, "score": 10.7268}, "hours": {"count": 11, "score": 10.599400000000001}}